id,name,phone,email,country,date,city
1,Noah Terrell,1-485-361-6648,neque.tellus@yahoo.edu,Indonesia,May 22, 2023,Pellezzano
2,Deacon Hooper,(845) 572-9702,donec.felis@yahoo.ca,France,Nov 6, 2022,Hidalgo del Parral
3,Wallace Burke,1-533-685-6759,rhoncus.proin.nisl@outlook.com,Sweden,Oct 7, 2022,Dannevirke
4,Levi Romero,1-655-307-3639,volutpat.ornare@aol.com,Sweden,Jan 28, 2023,San Nicolás
5,Raphael Elliott,1-255-546-3336,egestas.ligula.nullam@icloud.org,Nigeria,Dec 19, 2021,Bordeaux
6,Raya Gaines,(733) 896-3656,lobortis.quam@hotmail.net,Pakistan,Jan 19, 2022,Denpasar
7,Myles Mccall,1-752-173-4252,lectus.justo@outlook.ca,Russian Federation,Dec 21, 2021,Río Negro
8,Jonah Poole,(134) 445-2611,nec@hotmail.edu,Brazil,Feb 18, 2023,Pamplona
9,Arsenio Pearson,1-481-439-4168,egestas@outlook.org,Turkey,Sep 28, 2023,Bodø
10,Astra Banks,(661) 851-5328,gravida@hotmail.org,Australia,Sep 3, 2023,Livorno
